,Total(DL/UL),Dur. (ms),sessions frequency
0,-0.9060975714196561,-0.32160530508684204,-0.2214147677793639
1,0.8929403953323046,-0.32301006898043766,-0.22130865444092332
2,0.01095245576298153,1.3265843375101476,-0.20553583668053935
3,-0.008895875165724288,5.438251175759974,-0.0185908956559372
4,0.012255844890816905,-0.03585663253440337,2.8547531791263068
