,Average RTT,Average TCP,Average throughput
0,0.7500956012156158,-0.5058279560413514,-0.7442101465575806
1,-1.2308114640185124,0.8272225197375868,-0.1512079312160972
2,0.519697664639982,-0.3465653894086202,1.408592617666727
