MSISDN/Number,Social Media(UL/DL)
33658567644.0,3.650861
33781862192.0,3.65024
33662708066.0,3.648729
33762183815.0,3.648659
33658499462.0,3.648092
33661629148.0,3.648027
33622343854.0,3.6477
33620511469.0,3.647486
33616446885.0,3.647484
33671849583.0,3.646924
