MSISDN/Number,Email(UL/DL)
33661230566.0,4.518036
33699128845.0,4.513579
33627993974.0,4.513
33664524395.0,4.51273
33651956982.0,4.510915
33771112569.0,4.510178
33680364062.0,4.507049
33661345220.0,4.504056
33659947523.0,4.499429
33698924196.0,4.497961
