MSISDN/Number,Gaming(UL/DL)
33686316232.0,859.202784
33674841414.0,859.010933
33609260883.0,858.902084
33661342452.0,858.735183
33667398419.0,858.65276
33623206410.0,858.562729
33651628690.0,858.50641
33669198782.0,858.367124
33651235348.0,858.199677
33661831389.0,858.153696
