MSISDN/Number,Google(UL/DL)
33760232267.0,15.528782
33662376956.0,15.517324
33683751922.0,15.508567
33650908834.0,15.507131
33609954481.0,15.506449
33663420302.0,15.506141
33687289996.0,15.493921
33699742177.0,15.483654
33632124622.0,15.481311
33670553300.0,15.479714
