MSISDN/Number,Netflix(UL/DL)
33665329111.0,45.198153
33659955239.0,45.11036
33650582169.0,45.064738
33669451575.0,45.054355
33664208377.0,45.012951
33663880712.0,44.998954
33635386115.0,44.983646
33698601487.0,44.970634
33650844554.0,44.915543
33612761791.0,44.903323
