MSISDN/Number,Other(UL/DL)
33778022688.0,859.520934
33698669043.0,859.485577
33768979645.0,859.285331
33698837833.0,859.188885
33659382102.0,859.053653
33650160243.0,858.926613
33761967320.0,858.874743
33689037060.0,858.849565
33635363258.0,858.787718
33662638551.0,858.555595
