MSISDN/Number,Youtube(UL/DL)
33667433419.0,45.190078
33767669505.0,45.179008
33629671081.0,45.170035
33788661251.0,45.162724
33661602413.0,45.108826
33626493944.0,45.093369
33667989801.0,45.091533
33761170277.0,45.074469
33663902776.0,45.071796
33635330058.0,45.049792
