,MSISDN/Number,Total(DL/UL)
0,33663170787.0,955.984776
1,33667550618.0,952.307464
2,33675745528.0,951.775502
3,33665581058.0,949.987157
4,33613254310.0,949.598255
5,33662860378.0,949.172538
6,33632041684.0,948.234086
7,33671491428.0,947.827452
8,33698104546.0,947.169694
9,33667047511.0,947.014951
